[
    {
        "trade_id": 179875,
        "trade_date": "01/03/19",
        "settlement_date": "01/03/19",
        "asset_class": "EQ",
        "instrument_type": "BAS",
        "acc_id": "1871",
        "broker_code": "BIC",
        "amt": 23524746,
        "tran_type": "Buy",
        "quantity": 100,
        "tick": "GOOGL"
    },
    {
        "trade_id": 1723456,
        "trade_date": "01/04/19",
        "settlement_date": "01/04/19",
        "asset_class": "AQ",
        "instrument_type": "WRF",
        "acc_id": "1872",
        "broker_code": "RTY",
        "amt": 235358345,
        "tran_type": "Sell",
        "quantity": 20,
        "tick": "APPL"
    },
    {
        "trade_id": 1798355,
        "trade_date": "10/08/18",
        "settlement_date": "10/08/18",
        "asset_class": "EQ",
        "instrument_type": "BAS",
        "acc_id": "1873",
        "broker_code": "BIC",
        "amt": 5689723,
        "tran_type": "Buy",
        "quantity": 43,
        "tick": "APPL"
    },    
    {
        "trade_id": 179876,
        "trade_date": "01/03/19",
        "settlement_date": "01/03/19",
        "asset_class": "AQ",
        "instrument_type": "BAS",
        "acc_id": "1874",
        "broker_code": "BIC",
        "amt": 23524746,
        "tran_type": "Buy",
        "quantity": 100,
        "tick": "GOOGL"
    },
    {
        "trade_id": 135875,
        "trade_date": "01/04/19",
        "settlement_date": "01/04/19",
        "asset_class": "SQ",
        "instrument_type": "WSD",
        "acc_id": "1875",
        "broker_code": "YUI",
        "amt": 3423446,
        "tran_type": "Buy",
        "quantity": 45,
        "tick": "GOOGL"
    },
    {
        "trade_id": 1798356,
        "trade_date": "01/04/19",
        "settlement_date": "01/04/19",
        "asset_class": "BQ",
        "instrument_type": "BAS",
        "acc_id": "1876",
        "broker_code": "BIC",
        "amt": 5689723,
        "tran_type": "Buy",
        "quantity": 43,
        "tick": "APPL"
    },
    {
        "trade_id": 1723455,
        "trade_date": "01/03/19",
        "settlement_date": "01/03/19",
        "asset_class": "EQ",
        "instrument_type": "WRF",
        "acc_id": "1877",
        "broker_code": "RTY",
        "amt": 235358345,
        "tran_type": "Sell",
        "quantity": 20,
        "tick": "APPL"
    },
    {
        "trade_id": 135876,
        "trade_date": "01/02/19",
        "settlement_date": "01/02/19",
        "asset_class": "EQ",
        "instrument_type": "WSD",
        "acc_id": "1878",
        "broker_code": "YUI",
        "amt": 3423446,
        "tran_type": "Buy",
        "quantity": 45,
        "tick": "GOOGL"
    }    
]